INSERT INTO "public"."pelicula_personas" ("id", "pelicula_id", "persona_id", "rol", "created_at", "updated_at") VALUES
(4, 2, 4, 'Director', '2025-05-28 06:34:33', '2025-05-28 06:34:33');
INSERT INTO "public"."pelicula_personas" ("id", "pelicula_id", "persona_id", "rol", "created_at", "updated_at") VALUES
(5, 2, 5, 'Actor', '2025-05-28 06:34:33', '2025-05-28 06:34:33');
INSERT INTO "public"."pelicula_personas" ("id", "pelicula_id", "persona_id", "rol", "created_at", "updated_at") VALUES
(6, 2, 6, 'Actor', '2025-05-28 06:34:33', '2025-05-28 06:34:33');
INSERT INTO "public"."pelicula_personas" ("id", "pelicula_id", "persona_id", "rol", "created_at", "updated_at") VALUES
(7, 3, 7, 'Director', '2025-05-28 06:34:33', '2025-05-28 06:34:33'),
(8, 3, 8, 'Actor', '2025-05-28 06:34:33', '2025-05-28 06:34:33'),
(9, 3, 9, 'Actor', '2025-05-28 06:34:33', '2025-05-28 06:34:33'),
(10, 4, 10, 'Director', '2025-05-28 06:34:33', '2025-05-28 06:34:33'),
(11, 4, 11, 'Actor', '2025-05-28 06:34:33', '2025-05-28 06:34:33'),
(12, 4, 12, 'Actor', '2025-05-28 06:34:33', '2025-05-28 06:34:33'),
(13, 5, 13, 'Director', '2025-05-28 06:34:33', '2025-05-28 06:34:33'),
(14, 5, 14, 'Actor', '2025-05-28 06:34:33', '2025-05-28 06:34:33'),
(15, 5, 15, 'Actor', '2025-05-28 06:34:33', '2025-05-28 06:34:33'),
(16, 6, 16, 'Director', '2025-05-28 06:34:33', '2025-05-28 06:34:33'),
(17, 6, 17, 'Actor', '2025-05-28 06:34:33', '2025-05-28 06:34:33'),
(18, 6, 18, 'Actor', '2025-05-28 06:34:33', '2025-05-28 06:34:33'),
(22, 8, 22, 'Director', '2025-05-28 06:34:33', '2025-05-28 06:34:33'),
(23, 8, 23, 'Actor', '2025-05-28 06:34:33', '2025-05-28 06:34:33'),
(24, 8, 24, 'Actor', '2025-05-28 06:34:33', '2025-05-28 06:34:33'),
(25, 9, 25, 'Director', '2025-05-28 06:34:33', '2025-05-28 06:34:33'),
(26, 9, 26, 'Actor', '2025-05-28 06:34:33', '2025-05-28 06:34:33'),
(27, 9, 27, 'Actor', '2025-05-28 06:34:33', '2025-05-28 06:34:33'),
(31, 11, 1, 'Director', '2025-05-28 06:34:33', '2025-05-28 06:34:33'),
(32, 11, 2, 'Actor', '2025-05-28 06:34:33', '2025-05-28 06:34:33'),
(33, 11, 3, 'Actor', '2025-05-28 06:34:33', '2025-05-28 06:34:33'),
(34, 12, 4, 'Director', '2025-05-28 06:34:33', '2025-05-28 06:34:33'),
(35, 12, 5, 'Actor', '2025-05-28 06:34:33', '2025-05-28 06:34:33'),
(36, 12, 6, 'Actor', '2025-05-28 06:34:33', '2025-05-28 06:34:33'),
(37, 13, 7, 'Director', '2025-05-28 06:34:33', '2025-05-28 06:34:33'),
(38, 13, 8, 'Actor', '2025-05-28 06:34:33', '2025-05-28 06:34:33'),
(39, 13, 9, 'Actor', '2025-05-28 06:34:33', '2025-05-28 06:34:33'),
(40, 14, 10, 'Director', '2025-05-28 06:34:33', '2025-05-28 06:34:33'),
(41, 14, 11, 'Actor', '2025-05-28 06:34:33', '2025-05-28 06:34:33'),
(42, 14, 12, 'Actor', '2025-05-28 06:34:33', '2025-05-28 06:34:33'),
(43, 15, 13, 'Director', '2025-05-28 06:34:33', '2025-05-28 06:34:33'),
(44, 15, 14, 'Actor', '2025-05-28 06:34:33', '2025-05-28 06:34:33'),
(45, 15, 15, 'Actor', '2025-05-28 06:34:33', '2025-05-28 06:34:33'),
(46, 16, 16, 'Director', '2025-05-28 06:34:33', '2025-05-28 06:34:33'),
(47, 16, 17, 'Actor', '2025-05-28 06:34:33', '2025-05-28 06:34:33'),
(48, 16, 18, 'Actor', '2025-05-28 06:34:33', '2025-05-28 06:34:33'),
(49, 17, 19, 'Director', '2025-05-28 06:34:33', '2025-05-28 06:34:33'),
(50, 17, 20, 'Actor', '2025-05-28 06:34:33', '2025-05-28 06:34:33'),
(51, 17, 21, 'Actor', '2025-05-28 06:34:33', '2025-05-28 06:34:33'),
(52, 18, 22, 'Director', '2025-05-28 06:34:33', '2025-05-28 06:34:33'),
(53, 18, 23, 'Actor', '2025-05-28 06:34:33', '2025-05-28 06:34:33'),
(54, 18, 24, 'Actor', '2025-05-28 06:34:33', '2025-05-28 06:34:33'),
(55, 19, 25, 'Director', '2025-05-28 06:34:33', '2025-05-28 06:34:33'),
(56, 19, 26, 'Actor', '2025-05-28 06:34:33', '2025-05-28 06:34:33'),
(57, 19, 27, 'Actor', '2025-05-28 06:34:33', '2025-05-28 06:34:33'),
(58, 20, 28, 'Director', '2025-05-28 06:34:33', '2025-05-28 06:34:33'),
(59, 20, 29, 'Actor', '2025-05-28 06:34:33', '2025-05-28 06:34:33'),
(60, 20, 30, 'Actor', '2025-05-28 06:34:33', '2025-05-28 06:34:33'),
(61, 21, 1, 'Director', '2025-05-28 06:34:33', '2025-05-28 06:34:33'),
(62, 21, 2, 'Actor', '2025-05-28 06:34:33', '2025-05-28 06:34:33'),
(63, 21, 3, 'Actor', '2025-05-28 06:34:33', '2025-05-28 06:34:33'),
(64, 22, 4, 'Director', '2025-05-28 06:34:33', '2025-05-28 06:34:33'),
(65, 22, 5, 'Actor', '2025-05-28 06:34:33', '2025-05-28 06:34:33'),
(66, 22, 6, 'Actor', '2025-05-28 06:34:33', '2025-05-28 06:34:33'),
(67, 23, 7, 'Director', '2025-05-28 06:34:33', '2025-05-28 06:34:33'),
(68, 23, 8, 'Actor', '2025-05-28 06:34:33', '2025-05-28 06:34:33'),
(69, 23, 9, 'Actor', '2025-05-28 06:34:33', '2025-05-28 06:34:33'),
(70, 24, 10, 'Director', '2025-05-28 06:34:33', '2025-05-28 06:34:33'),
(71, 24, 11, 'Actor', '2025-05-28 06:34:33', '2025-05-28 06:34:33'),
(72, 24, 12, 'Actor', '2025-05-28 06:34:33', '2025-05-28 06:34:33'),
(73, 25, 13, 'Director', '2025-05-28 06:34:33', '2025-05-28 06:34:33'),
(74, 25, 14, 'Actor', '2025-05-28 06:34:33', '2025-05-28 06:34:33'),
(75, 25, 15, 'Actor', '2025-05-28 06:34:33', '2025-05-28 06:34:33'),
(76, 26, 16, 'Director', '2025-05-28 06:34:33', '2025-05-28 06:34:33'),
(77, 26, 17, 'Actor', '2025-05-28 06:34:33', '2025-05-28 06:34:33'),
(78, 26, 18, 'Actor', '2025-05-28 06:34:33', '2025-05-28 06:34:33'),
(79, 27, 19, 'Director', '2025-05-28 06:34:33', '2025-05-28 06:34:33'),
(80, 27, 20, 'Actor', '2025-05-28 06:34:33', '2025-05-28 06:34:33'),
(81, 27, 21, 'Actor', '2025-05-28 06:34:33', '2025-05-28 06:34:33'),
(82, 28, 22, 'Director', '2025-05-28 06:34:33', '2025-05-28 06:34:33'),
(83, 28, 23, 'Actor', '2025-05-28 06:34:33', '2025-05-28 06:34:33'),
(84, 28, 24, 'Actor', '2025-05-28 06:34:33', '2025-05-28 06:34:33'),
(85, 29, 25, 'Director', '2025-05-28 06:34:33', '2025-05-28 06:34:33'),
(86, 29, 26, 'Actor', '2025-05-28 06:34:33', '2025-05-28 06:34:33'),
(87, 29, 27, 'Actor', '2025-05-28 06:34:33', '2025-05-28 06:34:33'),
(88, 30, 28, 'Director', '2025-05-28 06:34:33', '2025-05-28 06:34:33'),
(89, 30, 29, 'Actor', '2025-05-28 06:34:33', '2025-05-28 06:34:33'),
(90, 30, 30, 'Actor', '2025-05-28 06:34:33', '2025-05-28 06:34:33'),
(3, 1, 3, 'Actor', '2025-05-28 06:34:33', '2025-05-30 03:59:19'),
(1, 1, 1, 'Director', '2025-05-28 06:34:33', '2025-05-30 03:59:19'),
(2, 1, 2, 'Actor', '2025-05-28 06:34:33', '2025-05-30 03:59:19'),
(91, 31, 4, 'Director', '2025-05-30 04:00:22', '2025-05-30 04:00:22'),
(92, 31, 9, 'Productor', '2025-05-30 04:00:22', '2025-05-30 04:00:22'),
(93, 31, 1, 'Actor', '2025-05-30 04:00:22', '2025-05-30 04:00:22'),
(97, 33, 18, 'Director', '2025-05-30 04:10:21', '2025-05-30 04:10:21'),
(98, 34, 3, 'Director', '2025-05-30 04:11:10', '2025-05-30 04:11:10'),
(96, 32, 4, 'Director', '2025-05-30 04:09:25', '2025-05-30 04:09:25'),
(94, 32, 14, 'Actor', '2025-05-30 04:08:15', '2025-05-30 04:09:25'),
(95, 32, 25, 'Actor', '2025-05-30 04:08:15', '2025-05-30 04:09:25'),
(99, 35, 18, 'Director', '2025-05-30 04:11:47', '2025-05-30 04:11:47'),
(100, 35, 28, 'Actor', '2025-05-30 04:11:47', '2025-05-30 04:11:47'),
(101, 35, 5, 'Director', '2025-05-30 04:11:47', '2025-05-30 04:11:47'),
(102, 36, 5, 'Director', '2025-05-30 04:13:02', '2025-05-30 04:13:02'),
(103, 36, 12, 'Director', '2025-05-30 04:13:02', '2025-05-30 04:13:02'),
(104, 36, 21, 'Actor', '2025-05-30 04:13:02', '2025-05-30 04:13:02'),
(28, 10, 28, 'Director', '2025-05-28 06:34:33', '2025-05-30 04:39:20'),
(106, 37, 12, 'Director', '2025-05-30 04:22:10', '2025-05-30 04:38:56'),
(21, 7, 21, 'Actor', '2025-05-28 06:34:33', '2025-05-30 04:40:13'),
(105, 37, 24, 'Actor', '2025-05-30 04:18:03', '2025-05-30 04:38:56');

INSERT INTO "public"."pelicula_premios" ("id", "pelicula_id", "premio_id", "año", "created_at", "updated_at") VALUES
(4, 2, 4, 2004, '2025-05-28 06:34:33', '2025-05-28 06:34:33');
INSERT INTO "public"."pelicula_premios" ("id", "pelicula_id", "premio_id", "año", "created_at", "updated_at") VALUES
(5, 2, 5, 2005, '2025-05-28 06:34:33', '2025-05-28 06:34:33');
INSERT INTO "public"."pelicula_premios" ("id", "pelicula_id", "premio_id", "año", "created_at", "updated_at") VALUES
(6, 2, 6, 2006, '2025-05-28 06:34:33', '2025-05-28 06:34:33');
INSERT INTO "public"."pelicula_premios" ("id", "pelicula_id", "premio_id", "año", "created_at", "updated_at") VALUES
(7, 3, 7, 2007, '2025-05-28 06:34:33', '2025-05-28 06:34:33'),
(8, 3, 8, 2008, '2025-05-28 06:34:33', '2025-05-28 06:34:33'),
(9, 3, 9, 2009, '2025-05-28 06:34:33', '2025-05-28 06:34:33'),
(10, 4, 10, 2010, '2025-05-28 06:34:33', '2025-05-28 06:34:33'),
(11, 4, 11, 2011, '2025-05-28 06:34:33', '2025-05-28 06:34:33'),
(12, 4, 12, 2012, '2025-05-28 06:34:33', '2025-05-28 06:34:33'),
(13, 5, 13, 2013, '2025-05-28 06:34:33', '2025-05-28 06:34:33'),
(14, 5, 14, 2014, '2025-05-28 06:34:33', '2025-05-28 06:34:33'),
(15, 5, 15, 2015, '2025-05-28 06:34:33', '2025-05-28 06:34:33'),
(16, 6, 1, 2001, '2025-05-28 06:34:33', '2025-05-28 06:34:33'),
(17, 6, 2, 2002, '2025-05-28 06:34:33', '2025-05-28 06:34:33'),
(18, 6, 3, 2003, '2025-05-28 06:34:33', '2025-05-28 06:34:33'),
(22, 8, 7, 2007, '2025-05-28 06:34:33', '2025-05-28 06:34:33'),
(23, 8, 8, 2008, '2025-05-28 06:34:33', '2025-05-28 06:34:33'),
(24, 8, 9, 2009, '2025-05-28 06:34:33', '2025-05-28 06:34:33'),
(25, 9, 10, 2010, '2025-05-28 06:34:33', '2025-05-28 06:34:33'),
(26, 9, 11, 2011, '2025-05-28 06:34:33', '2025-05-28 06:34:33'),
(27, 9, 12, 2012, '2025-05-28 06:34:33', '2025-05-28 06:34:33'),
(31, 11, 1, 2001, '2025-05-28 06:34:33', '2025-05-28 06:34:33'),
(32, 11, 2, 2002, '2025-05-28 06:34:33', '2025-05-28 06:34:33'),
(33, 11, 3, 2003, '2025-05-28 06:34:33', '2025-05-28 06:34:33'),
(34, 12, 4, 2004, '2025-05-28 06:34:33', '2025-05-28 06:34:33'),
(35, 12, 5, 2005, '2025-05-28 06:34:33', '2025-05-28 06:34:33'),
(36, 12, 6, 2006, '2025-05-28 06:34:33', '2025-05-28 06:34:33'),
(37, 13, 7, 2007, '2025-05-28 06:34:33', '2025-05-28 06:34:33'),
(38, 13, 8, 2008, '2025-05-28 06:34:33', '2025-05-28 06:34:33'),
(39, 13, 9, 2009, '2025-05-28 06:34:33', '2025-05-28 06:34:33'),
(40, 14, 10, 2010, '2025-05-28 06:34:33', '2025-05-28 06:34:33'),
(41, 14, 11, 2011, '2025-05-28 06:34:33', '2025-05-28 06:34:33'),
(42, 14, 12, 2012, '2025-05-28 06:34:33', '2025-05-28 06:34:33'),
(43, 15, 13, 2013, '2025-05-28 06:34:33', '2025-05-28 06:34:33'),
(44, 15, 14, 2014, '2025-05-28 06:34:33', '2025-05-28 06:34:33'),
(45, 15, 15, 2015, '2025-05-28 06:34:33', '2025-05-28 06:34:33'),
(46, 16, 1, 2001, '2025-05-28 06:34:33', '2025-05-28 06:34:33'),
(47, 16, 2, 2002, '2025-05-28 06:34:33', '2025-05-28 06:34:33'),
(48, 16, 3, 2003, '2025-05-28 06:34:33', '2025-05-28 06:34:33'),
(49, 17, 4, 2004, '2025-05-28 06:34:33', '2025-05-28 06:34:33'),
(50, 17, 5, 2005, '2025-05-28 06:34:33', '2025-05-28 06:34:33'),
(51, 17, 6, 2006, '2025-05-28 06:34:33', '2025-05-28 06:34:33'),
(52, 18, 7, 2007, '2025-05-28 06:34:33', '2025-05-28 06:34:33'),
(53, 18, 8, 2008, '2025-05-28 06:34:33', '2025-05-28 06:34:33'),
(54, 18, 9, 2009, '2025-05-28 06:34:33', '2025-05-28 06:34:33'),
(55, 19, 10, 2010, '2025-05-28 06:34:33', '2025-05-28 06:34:33'),
(56, 19, 11, 2011, '2025-05-28 06:34:33', '2025-05-28 06:34:33'),
(57, 19, 12, 2012, '2025-05-28 06:34:33', '2025-05-28 06:34:33'),
(58, 20, 13, 2013, '2025-05-28 06:34:33', '2025-05-28 06:34:33'),
(59, 20, 14, 2014, '2025-05-28 06:34:33', '2025-05-28 06:34:33'),
(60, 20, 15, 2015, '2025-05-28 06:34:33', '2025-05-28 06:34:33'),
(61, 21, 1, 2001, '2025-05-28 06:34:33', '2025-05-28 06:34:33'),
(62, 21, 2, 2002, '2025-05-28 06:34:33', '2025-05-28 06:34:33'),
(63, 21, 3, 2003, '2025-05-28 06:34:33', '2025-05-28 06:34:33'),
(64, 22, 4, 2004, '2025-05-28 06:34:33', '2025-05-28 06:34:33'),
(65, 22, 5, 2005, '2025-05-28 06:34:33', '2025-05-28 06:34:33'),
(66, 22, 6, 2006, '2025-05-28 06:34:33', '2025-05-28 06:34:33'),
(67, 23, 7, 2007, '2025-05-28 06:34:33', '2025-05-28 06:34:33'),
(68, 23, 8, 2008, '2025-05-28 06:34:33', '2025-05-28 06:34:33'),
(69, 23, 9, 2009, '2025-05-28 06:34:33', '2025-05-28 06:34:33'),
(70, 24, 10, 2010, '2025-05-28 06:34:33', '2025-05-28 06:34:33'),
(71, 24, 11, 2011, '2025-05-28 06:34:33', '2025-05-28 06:34:33'),
(72, 24, 12, 2012, '2025-05-28 06:34:33', '2025-05-28 06:34:33'),
(73, 25, 13, 2013, '2025-05-28 06:34:33', '2025-05-28 06:34:33'),
(74, 25, 14, 2014, '2025-05-28 06:34:33', '2025-05-28 06:34:33'),
(75, 25, 15, 2015, '2025-05-28 06:34:33', '2025-05-28 06:34:33'),
(76, 26, 1, 2001, '2025-05-28 06:34:33', '2025-05-28 06:34:33'),
(77, 26, 2, 2002, '2025-05-28 06:34:33', '2025-05-28 06:34:33'),
(78, 26, 3, 2003, '2025-05-28 06:34:33', '2025-05-28 06:34:33'),
(79, 27, 4, 2004, '2025-05-28 06:34:33', '2025-05-28 06:34:33'),
(80, 27, 5, 2005, '2025-05-28 06:34:33', '2025-05-28 06:34:33'),
(81, 27, 6, 2006, '2025-05-28 06:34:33', '2025-05-28 06:34:33'),
(82, 28, 7, 2007, '2025-05-28 06:34:33', '2025-05-28 06:34:33'),
(83, 28, 8, 2008, '2025-05-28 06:34:33', '2025-05-28 06:34:33'),
(84, 28, 9, 2009, '2025-05-28 06:34:33', '2025-05-28 06:34:33'),
(85, 29, 10, 2010, '2025-05-28 06:34:33', '2025-05-28 06:34:33'),
(86, 29, 11, 2011, '2025-05-28 06:34:33', '2025-05-28 06:34:33'),
(87, 29, 12, 2012, '2025-05-28 06:34:33', '2025-05-28 06:34:33'),
(88, 30, 13, 2013, '2025-05-28 06:34:33', '2025-05-28 06:34:33'),
(89, 30, 14, 2014, '2025-05-28 06:34:33', '2025-05-28 06:34:33'),
(90, 30, 15, 2015, '2025-05-28 06:34:33', '2025-05-28 06:34:33'),
(3, 1, 3, 2025, '2025-05-28 06:34:33', '2025-05-30 03:59:19'),
(2, 1, 2, 2025, '2025-05-28 06:34:33', '2025-05-30 03:59:19'),
(91, 1, 8, 2003, '2025-05-30 03:59:19', '2025-05-30 03:59:19'),
(1, 1, 1, 2025, '2025-05-28 06:34:33', '2025-05-30 03:59:19'),
(92, 31, 10, 2025, '2025-05-30 04:00:22', '2025-05-30 04:00:22'),
(93, 31, 4, 2025, '2025-05-30 04:00:22', '2025-05-30 04:00:22'),
(94, 31, 13, 2025, '2025-05-30 04:00:22', '2025-05-30 04:00:22'),
(95, 31, 6, 2025, '2025-05-30 04:00:22', '2025-05-30 04:00:22'),
(98, 33, 3, 2025, '2025-05-30 04:10:21', '2025-05-30 04:10:21'),
(99, 33, 4, 2025, '2025-05-30 04:10:21', '2025-05-30 04:10:21'),
(96, 32, 15, 2001, '2025-05-30 04:08:15', '2025-05-30 04:09:25'),
(97, 32, 1, 2025, '2025-05-30 04:08:15', '2025-05-30 04:09:25'),
(100, 34, 3, 2025, '2025-05-30 04:11:10', '2025-05-30 04:11:10'),
(101, 34, 12, 2025, '2025-05-30 04:11:10', '2025-05-30 04:11:10'),
(102, 35, 4, 2025, '2025-05-30 04:11:47', '2025-05-30 04:11:47'),
(103, 35, 9, 2025, '2025-05-30 04:11:47', '2025-05-30 04:11:47'),
(104, 36, 10, 2025, '2025-05-30 04:13:02', '2025-05-30 04:13:02'),
(105, 37, 3, 1972, '2025-05-30 04:18:03', '2025-05-30 04:38:56'),
(30, 10, 15, 2015, '2025-05-28 06:34:33', '2025-05-30 04:39:20'),
(19, 7, 4, 2004, '2025-05-28 06:34:33', '2025-05-30 04:40:13'),
(106, 37, 9, 2001, '2025-05-30 04:18:03', '2025-05-30 04:38:56'),
(107, 10, 8, 2025, '2025-05-30 04:39:20', '2025-05-30 04:39:20');

INSERT INTO "public"."peliculas" ("id", "titulo", "sinopsis", "fecha_estreno", "duracion", "presupuesto", "created_at", "updated_at", "genero", "clasificacion") VALUES
(1, 'Horizonte Mortal', 'Un equipo de exploradores espaciales encuentra un misterio mortal más allá de Neptuno.', '2012-07-13', 118, 68000000, NULL, NULL, 'Ciencia Ficcion', 'PG-13');
INSERT INTO "public"."peliculas" ("id", "titulo", "sinopsis", "fecha_estreno", "duracion", "presupuesto", "created_at", "updated_at", "genero", "clasificacion") VALUES
(2, 'Risas de Medianoche', 'Un comediante fracasado planea su gran regreso en el show de medianoche.', '2019-11-08', 102, 15000000, NULL, NULL, 'Comedia', 'PG');
INSERT INTO "public"."peliculas" ("id", "titulo", "sinopsis", "fecha_estreno", "duracion", "presupuesto", "created_at", "updated_at", "genero", "clasificacion") VALUES
(3, 'Ecos del Pasado', 'Una periodista descubre secretos de su familia que alteran su destino.', '2020-02-14', 128, 28000000, NULL, NULL, 'Drama', 'PG-13');
INSERT INTO "public"."peliculas" ("id", "titulo", "sinopsis", "fecha_estreno", "duracion", "presupuesto", "created_at", "updated_at", "genero", "clasificacion") VALUES
(4, 'Pesadilla Suburbana', 'Extrañas desapariciones en un vecindario aparentemente perfecto.', '2016-10-31', 96, 12000000, NULL, NULL, 'Terror', 'R'),
(5, 'Galaxia 9', 'La resistencia lucha contra un imperio galáctico que domina nueve sistemas solares.', '2015-05-22', 134, 150000000, NULL, NULL, 'Accion', 'PG-13'),
(6, 'Amor en Otoño', 'Dos extraños se conocen cada otoño en el mismo parque.', '2011-09-30', 110, 18000000, NULL, NULL, 'Romance', 'PG'),
(8, 'Planeta Prohibido', 'Exploradores aterrizan en un planeta donde los sueños se vuelven realidad.', '2013-08-16', 112, 70000000, NULL, NULL, 'Fantasia', 'PG-13'),
(9, 'Sombras del Bosque', 'Un grupo de amigos acampa en un bosque embrujado.', '2017-10-13', 90, 10000000, NULL, NULL, 'Terror', 'R'),
(10, 'Circuitos del Corazón', 'Un androide desarrolla sentimientos en un mundo post‑humano.', '2021-06-18', 108, 60000000, NULL, NULL, 'Ciencia Ficcion', 'PG-13'),
(11, 'El Último Guardián', 'Un héroe cansado protege la última ciudad libre.', '2014-12-19', 126, 85000000, NULL, NULL, 'Accion', 'PG-13'),
(12, 'Ciudad Sin Ley', 'El crimen se apodera de una metrópolis futurista.', '2010-04-23', 118, 50000000, NULL, NULL, 'Accion', 'R'),
(13, 'Canción Eterna', 'Una compositora busca la melodía que cambie al mundo.', '2022-12-02', 104, 22000000, NULL, NULL, 'Drama', 'PG'),
(14, 'Mundos Paralelos', 'Dos adolescentes descubren portales entre realidades.', '2018-07-27', 112, 30000000, NULL, NULL, 'Fantasia', 'PG'),
(15, 'El Gran Documental', 'Historias de humanidad unidas en un solo filme.', '2019-01-25', 90, 5000000, NULL, NULL, 'Documental', 'G'),
(16, 'Viaje Animado', 'Un chico y su llama voladora recorren mundos de papel.', '2014-11-14', 94, 35000000, NULL, NULL, 'Animacion', 'G'),
(17, 'Dragones y Magia', 'Reinos antiguos enfrentan dragones renacidos.', '2013-07-05', 140, 120000000, NULL, NULL, 'Fantasia', 'PG-13'),
(18, 'Frontera Letal', 'Policías y contrabandistas luchan en la frontera más peligrosa.', '2012-02-10', 115, 48000000, NULL, NULL, 'Accion', 'R'),
(19, 'El Comediante', 'Un actor de stand‑up intenta triunfar en la gran ciudad.', '2011-06-03', 98, 12000000, NULL, NULL, 'Comedia', 'PG-13'),
(20, 'Destino Perdido', 'Una astronauta queda varada en una estación abandonada.', '2016-09-16', 107, 65000000, NULL, NULL, 'Ciencia Ficcion', 'PG-13'),
(21, 'Relatos de la Luna', 'Historias cortas que ocurren bajo la misma luna llena.', '2015-04-10', 101, 17000000, NULL, NULL, 'Drama', 'PG'),
(22, 'Caos Urbano', 'Manifestaciones violentas sacuden una capital latinoamericana.', '2023-03-24', 119, 32000000, NULL, NULL, 'Accion', 'R'),
(23, 'Amor Inesperado', 'Un chef y una crítica gastronómica se enamoran en secreto.', '2017-02-10', 113, 20000000, NULL, NULL, 'Romance', 'PG-13'),
(24, 'Monstruos Oceánicos', 'Biólogos marinos enfrentan gigantes del abismo.', '2021-08-20', 110, 90000000, NULL, NULL, 'Terror', 'PG-13'),
(25, 'Ciber Rebelión', 'Hackers jóvenes combaten una dictadura digital.', '2019-05-17', 105, 45000000, NULL, NULL, 'Accion', 'PG-13'),
(26, 'Bajo la Lluvia', 'Una estación de tren conecta historias de amor.', '2012-11-02', 99, 10000000, NULL, NULL, 'Romance', 'PG'),
(27, 'Plan de Escape', 'Un ex‑soldado idea una fuga imposible.', '2020-10-30', 116, 38000000, NULL, NULL, 'Accion', 'R'),
(28, 'Héroes Olvidados', 'Veteranos descubren una conspiración que borra su legado.', '2014-05-09', 122, 55000000, NULL, NULL, 'Drama', 'PG-13'),
(29, 'Reino Encantado', 'Una princesa rebelde trae tecnología a un mundo mágico.', '2018-12-14', 108, 80000000, NULL, NULL, 'Fantasia', 'PG'),
(30, 'La Última Nota', 'Un pianista ciego compone su obra final.', '2022-06-24', 97, 15000000, NULL, NULL, 'Drama', 'PG'),
(31, 'PRUEBA', 'OTRA PRUEBA', '2025-05-29', 100, 1000000, '2025-05-30 04:00:22', '2025-05-30 04:00:22', 'Drama', 'PG-13'),
(32, 'La prueba', 'Probando el nuevo create!!', '2025-05-29', 100, 100100, '2025-05-30 04:08:15', '2025-05-30 04:08:15', 'Terror', 'PG-13'),
(33, 'La prueba ahora si', 'asasasa', '2025-05-29', 100, 100100, '2025-05-30 04:10:21', '2025-05-30 04:10:21', 'Terror', 'PG-13'),
(34, 'test', '113213213', '2025-05-29', 100, 100100, '2025-05-30 04:11:10', '2025-05-30 04:11:10', 'Accion', 'PG-13'),
(35, 'mas pruebas', 'mas pruebas', '2025-05-29', 100, 100100, '2025-05-30 04:11:47', '2025-05-30 04:11:47', 'Comedia', 'PG-13'),
(36, 'Premio test', 'premios', '2025-05-29', 100, 100100, '2025-05-30 04:13:02', '2025-05-30 04:13:02', 'Drama', 'PG-13'),
(37, 'Sera?', 'Pues veamos', '2025-05-29', 100, 100100, '2025-05-30 04:18:03', '2025-05-30 04:18:03', 'Comedia', 'G'),
(7, 'Verdad bajo Fuego', 'Un reportero investiga la corrupción en tiempos de guerra.', '2018-03-09', 124, 40000000, NULL, '2025-05-30 04:40:13', 'Drama', 'PG-13');

INSERT INTO "public"."personas" ("id", "nombre", "created_at", "updated_at") VALUES
(1, 'Lucas Fernández', NULL, NULL);
INSERT INTO "public"."personas" ("id", "nombre", "created_at", "updated_at") VALUES
(2, 'María Gómez', NULL, NULL);
INSERT INTO "public"."personas" ("id", "nombre", "created_at", "updated_at") VALUES
(3, 'Ana Torres', NULL, NULL);
INSERT INTO "public"."personas" ("id", "nombre", "created_at", "updated_at") VALUES
(4, 'Diego Ramírez', NULL, NULL),
(5, 'Camila Herrera', NULL, NULL),
(6, 'Mateo Vargas', NULL, NULL),
(7, 'Valentina Cruz', NULL, NULL),
(8, 'Santiago Ponce', NULL, NULL),
(9, 'Jimena Reyes', NULL, NULL),
(10, 'Gabriel Rivas', NULL, NULL),
(11, 'Paula Salazar', NULL, NULL),
(12, 'Carlos Méndez', NULL, NULL),
(13, 'Lucía Delgado', NULL, NULL),
(14, 'Jorge Molina', NULL, NULL),
(15, 'Irene Castillo', NULL, NULL),
(16, 'Esteban Duarte', NULL, NULL),
(17, 'Cecilia Paredes', NULL, NULL),
(18, 'Alonso Vidal', NULL, NULL),
(19, 'Patricia Conde', NULL, NULL),
(20, 'Ricardo Serrano', NULL, NULL),
(21, 'Daniela Ayala', NULL, NULL),
(22, 'Tomás Cortés', NULL, NULL),
(23, 'Sofía Barrios', NULL, NULL),
(24, 'Emilio Palacios', NULL, NULL),
(25, 'Julia Andrade', NULL, NULL),
(26, 'Martín Solís', NULL, NULL),
(27, 'Isabela Figueroa', NULL, NULL),
(28, 'Andrés Quintana', NULL, NULL),
(29, 'Fernanda Bravo', NULL, NULL),
(30, 'Pablo Cárdenas', NULL, NULL);

INSERT INTO "public"."premios" ("id", "nombre", "created_at", "updated_at") VALUES
(1, 'Oscar', NULL, NULL);
INSERT INTO "public"."premios" ("id", "nombre", "created_at", "updated_at") VALUES
(2, 'Golden Globe', NULL, NULL);
INSERT INTO "public"."premios" ("id", "nombre", "created_at", "updated_at") VALUES
(3, 'BAFTA', NULL, NULL);
INSERT INTO "public"."premios" ("id", "nombre", "created_at", "updated_at") VALUES
(4, 'Cannes Palm', NULL, NULL),
(5, 'Venice Lion', NULL, NULL),
(6, 'Sundance Jury', NULL, NULL),
(7, 'Toronto People''s Choice', NULL, NULL),
(8, 'Goya', NULL, NULL),
(9, 'César', NULL, NULL),
(10, 'Ariel', NULL, NULL),
(11, 'Grammy Movie Score', NULL, NULL),
(12, 'Critics Choice', NULL, NULL),
(13, 'Saturn Award', NULL, NULL),
(14, 'Spirit Award', NULL, NULL),
(15, 'Annie Award', NULL, NULL);

